<?xml version="1.0"?>
<ruleset name="WordPress Coding Standards for Plugins">
	<description>Generally-applicable sniffs for WordPress plugins</description>

	<rule ref="WordPress-Extra" />
	<rule ref="WordPress-Docs" />
	<rule ref="WordPress-VIP-Go" />

	<rule ref="WordPress">
		<exclude name="Generic.Arrays.DisallowShortArraySyntax.Found" />
	</rule>

	<rule ref="PHPCompatibilityWP"/>
	<config name="testVersion" value="7.4"/>

	<arg name="extensions" value="php"/>

	<!-- Show sniff codes in all reports -->
	<arg value="s"/>

	<!-- Allow invoking just `phpcs` on command line without assuming STDIN for file input. -->
	<file>.</file>

	<exclude-pattern>*/dev-lib/*</exclude-pattern>
	<exclude-pattern>*/node_modules/*</exclude-pattern>
	<exclude-pattern>*/vendor/*</exclude-pattern>
	<exclude-pattern>*/assets/dist/*</exclude-pattern>
</ruleset>
